uid,cid,acc,time,conf,type,acc/time
5f05056acc8d327f2948bbc0,SU,1.0,29.8884,4.6,1,0.033457796335702145
5f05056acc8d327f2948bbc0,SU,0.8,31.649400000000004,4.2,2,0.025276940479124405
5e8fa4b58028052a7880c8ac,SU,1.0,46.304,4.0,1,0.02159640635798203
5e8fa4b58028052a7880c8ac,SU,0.2,89.30159999999998,4.0,2,0.002239601530095766
5c1d0cc2e2d9150001b599fa,SU,1.0,54.2506,4.0,1,0.018432975856488225
5c1d0cc2e2d9150001b599fa,SU,1.0,73.143,3.8,2,0.013671848297171295
5cff9c20c7ed63000188e9c5,SU,1.0,31.373399999999997,5.0,1,0.031874135414076896
5cff9c20c7ed63000188e9c5,SU,0.8,26.243000000000002,4.8,2,0.0304843196280913
5f2d4939e1b8742bba60a1e4,SU,1.0,39.7278,4.8,1,0.025171290632755902
5f2d4939e1b8742bba60a1e4,SU,1.0,29.51059999999999,4.4,2,0.033886129051933896
5f2c831ca1dd731731121d60,SU,1.0,50.71900000000001,4.8,1,0.019716477059878938
5f2c831ca1dd731731121d60,SU,1.0,53.67560000000001,5.0,2,0.0186304391567118
5c43724ab00b3300018f49bf,SU,1.0,78.14320000000001,4.4,1,0.012797018806498837
5c43724ab00b3300018f49bf,SU,1.0,89.9914,4.2,2,0.011112172940969915
5cd08e2ff59e0a0013563602,SU,1.0,43.825,4.4,1,0.022818026240730177
5cd08e2ff59e0a0013563602,SU,1.0,42.74059999999999,4.2,2,0.02339695745965195
5f4ea17781df140b24213eed,SU,1.0,38.36579999999999,3.8,1,0.026064880701041036
5f4ea17781df140b24213eed,SU,1.0,26.006,3.2,2,0.038452664769668535
5f3d2e6a0f32b804d33c162b,SU,1.0,44.69840000000001,5.0,1,0.022372165446637907
5f3d2e6a0f32b804d33c162b,SU,0.8,80.0796,3.6,2,0.009990059890409044
5a6c076fd5d4cb0001d65a17,SU,1.0,66.4746,5.0,1,0.015043339862142834
5a6c076fd5d4cb0001d65a17,SU,1.0,59.368000000000016,5.0,2,0.016844091092844626
5eb19ec151b7092bae964c92,SU,1.0,38.631,5.0,1,0.02588594651963449
5eb19ec151b7092bae964c92,SU,1.0,21.7622,5.0,2,0.0459512365477755
5ef504d47faaa01261c64983,SU,0.6,19.8048,4.0,1,0.030295685894328645
5ef504d47faaa01261c64983,SU,0.8,21.7974,4.0,2,0.036701624964445304
5f43f7980ce1236cd3d256e5,SU,1.0,48.3108,5.0,1,0.020699305331313082
5f43f7980ce1236cd3d256e5,SU,1.0,76.80519999999999,5.0,2,0.01301995177409863
5ed0e57a59e3fc1c70a782b9,SU,0.6,19.7422,3.0,1,0.030391749653027524
5ed0e57a59e3fc1c70a782b9,SU,0.8,20.811600000000002,2.8,2,0.03844010071306387
5dd71029c944d16b0668c95f,SU,0.8,34.601,2.8,1,0.023120719054362592
5dd71029c944d16b0668c95f,SU,0.6,31.867600000000003,2.6,2,0.01882790043806248
56f81ffe1b99b8000636b9c8,SU,1.0,40.1726,3.0,1,0.024892588480705753
56f81ffe1b99b8000636b9c8,SU,1.0,33.0188,2.8,2,0.030285776587883267
5a8f13595292b80001235e09,SU,0.8,13.3094,4.4,1,0.0601078936691361
5a8f13595292b80001235e09,SU,0.6,15.942199999999996,4.2,2,0.03763595990515739
5f5d31087a4abb5718b814d6,SU,0.8,2.3602000000000003,3.4,1,0.33895432590458435
5f5d31087a4abb5718b814d6,SU,0.2,3.3609999999999998,3.4,2,0.059506099375185965
5f080e327d6f3f0009992faf,SU,0.8,23.5122,3.0,1,0.03402488920645452
5f080e327d6f3f0009992faf,SU,1.0,30.510399999999997,2.8,2,0.03277570926634853
5f36b817c592230c67533ae3,SU,0.8,36.703799999999994,4.4,1,0.021796108304862172
5f36b817c592230c67533ae3,SU,1.0,39.3816,4.0,2,0.02539256911857314
5e9bcccaf08add0db471c5a8,SU,1.0,96.009,4.4,1,0.010415690195710819
5e9bcccaf08add0db471c5a8,SU,1.0,39.803399999999996,4.6,2,0.02512348191360537
5f491f40c53d36421f2a6bf5,SU,1.0,65.1862,4.6,1,0.0153406702645652
5f491f40c53d36421f2a6bf5,SU,0.8,44.53159999999999,5.0,2,0.017964771083904468
5e9bca9fb3c35c0e577fb2f6,SU,1.0,28.945,4.8,1,0.03454828122300915
5e9bca9fb3c35c0e577fb2f6,SU,1.0,24.492800000000006,4.6,2,0.040828325058792775
5c02a8f12c022f000191edbb,SU,1.0,29.204999999999995,3.4,1,0.034240712206813906
5c02a8f12c022f000191edbb,SU,0.6,25.869000000000007,4.8,2,0.02319378406587034
5f2aec347b4ac542bc5f34d6,SU,0.8,31.891399999999997,4.8,1,0.025085132668995407
5f2aec347b4ac542bc5f34d6,SU,0.8,58.08420000000001,4.4,2,0.013773108693930534
5f58140ca41f0037c385bc5c,SU,1.0,49.017,4.6,1,0.020401085337739967
5f58140ca41f0037c385bc5c,SU,1.0,85.5404,3.8,2,0.011690382556078764
5efe640e0c3da136c6575e74,SU,1.0,19.3868,4.2,1,0.05158148843543029
5efe640e0c3da136c6575e74,SU,0.6,18.749200000000002,2.6,2,0.032001365391590035
5be4ad0aff68b30001975464,SU,1.0,27.263800000000003,5.0,1,0.03667867281890272
5be4ad0aff68b30001975464,SU,1.0,26.253200000000003,4.6,2,0.03809059467036399
5ee8a0884efd881a3e166a65,SU,0.6,29.9118,3.6,1,0.020058973381742323
5ee8a0884efd881a3e166a65,SU,0.6,20.168800000000005,4.4,2,0.029748919122605206
5f48c980d8963d38bc9e91b1,SU,1.0,24.9898,3.4,1,0.0400163266612778
5f48c980d8963d38bc9e91b1,SU,0.8,30.949,2.6,2,0.0258489773498336
5eeba61a6480680fa250a4f5,SU,1.0,44.833600000000004,4.2,1,0.022304700046393774
5eeba61a6480680fa250a4f5,SU,1.0,27.652199999999993,5.0,2,0.03616348789608061
5dc5da21d999de45a504651b,SU,1.0,46.938199999999995,3.8,1,0.021304609039119526
5dc5da21d999de45a504651b,SU,1.0,40.22180000000001,4.0,2,0.024862139436822812
5ac560359534ba0001c74715,SU,1.0,62.21939999999999,4.2,1,0.01607215755857498
5ac560359534ba0001c74715,SU,1.0,61.764800000000015,5.0,2,0.016190451519311966
5e59982929132107a864c783,SU,1.0,67.2982,5.0,1,0.014859238434311766
5e59982929132107a864c783,SU,0.8,56.5126,5.0,2,0.014156135091997184
5edeea354d54cb1a825aa8f9,SU,0.8,44.952,5.0,1,0.017796760989499914
5edeea354d54cb1a825aa8f9,SU,1.0,132.0976,4.4,2,0.007570160245152069
5f29987aaac0ef0d01b5ff65,SU,1.0,32.3464,3.8,1,0.03091534142903074
5f29987aaac0ef0d01b5ff65,SU,1.0,24.035599999999995,3.8,2,0.04160495265356389
5f479b66ccae1c18c6c17105,SU,0.8,26.607800000000005,5.0,1,0.030066371515119622
5f479b66ccae1c18c6c17105,SU,0.4,33.8982,5.0,2,0.011800036580113398
595bf7acc76e6700014d33fc,SU,1.0,48.498000000000005,4.2,1,0.020619406985855085
595bf7acc76e6700014d33fc,SU,0.8,69.8382,2.2,2,0.011455048956015476
5f5f8c538c9075064b38315f,SU,1.0,27.522399999999998,3.8,1,0.03633404063599105
5f5f8c538c9075064b38315f,SU,1.0,30.887999999999995,3.8,2,0.03237503237503238
5f4d1bc026199998eabe619d,SU,1.0,33.2482,5.0,1,0.030076816188545547
5f4d1bc026199998eabe619d,SU,1.0,27.278,4.6,2,0.03665957914803138
5eea8b729b444a1a0548fec2,SU,1.0,50.5378,4.4,1,0.019787169207998768
5eea8b729b444a1a0548fec2,SU,0.8,37.0118,4.2,2,0.021614728275847164
5ea966fdba2670042501b1e0,SU,1.0,27.923400000000004,4.6,1,0.03581225781960649
5ea966fdba2670042501b1e0,SU,0.8,29.0302,3.8,2,0.02755750907675455
5f474877452857130314c9d1,SU,1.0,73.655,3.8,1,0.013576810807141402
5f474877452857130314c9d1,SU,1.0,53.07280000000003,3.4,2,0.01884204338192067
5bc772a554b3bc0001a33bde,SU,0.8,19.9132,3.2,1,0.040174356708113215
5bc772a554b3bc0001a33bde,SU,0.8,17.833599999999997,3.4,2,0.044859142293199365
5ec3f96a7bd12a09e859341b,SU,0.6,3.4776,3.0,1,0.1725327812284334
5ec3f96a7bd12a09e859341b,SU,0.6,2.7988,3.2,2,0.21437759039588394
5f4e4a3855e29614e80a8e25,SU,1.0,39.973,3.6,1,0.025016886398318866
5f4e4a3855e29614e80a8e25,SU,1.0,44.82560000000001,2.6,2,0.022308680753854934
5f4914ad7bb92a40b772e4d9,SU,1.0,37.9094,4.0,1,0.026378681804512867
5f4914ad7bb92a40b772e4d9,SU,0.8,41.8554,3.6,2,0.019113423835395195
5eb6eccc6b2e3c08e61f7c39,SU,0.8,19.589400000000005,3.0,1,0.040838412610901806
5eb6eccc6b2e3c08e61f7c39,SU,1.0,24.255399999999995,2.6,2,0.04122793274899611
5ebfa8e876e71738dd5eec17,SU,0.8,21.5162,4.0,1,0.037181286658424816
5ebfa8e876e71738dd5eec17,SU,1.0,21.4504,4.2,2,0.046619177264759636
5f568b81712ed00cb3759181,SU,1.0,60.41420000000001,4.6,1,0.016552399932466207
5f568b81712ed00cb3759181,SU,1.0,98.0538,3.0,2,0.01019848287368771
5ee18bf26f65731adc9c36f1,SU,1.0,16.7934,3.0,1,0.05954720306787191
5ee18bf26f65731adc9c36f1,SU,0.8,10.688000000000002,3.0,2,0.0748502994011976
5c69483358b97400013b3685,SU,1.0,32.2848,5.0,1,0.03097432847655863
5c69483358b97400013b3685,SU,1.0,24.1244,4.6,2,0.04145180812787053
5d1f983ebf6d0300012ceffe,SU,1.0,35.3376,5.0,1,0.028298469618763016
5d1f983ebf6d0300012ceffe,SU,0.6,48.861,5.0,2,0.01227973230183582
5f0771a92b566a37faa5f2e0,SU,1.0,74.244,4.6,1,0.013469101880286622
5f0771a92b566a37faa5f2e0,SU,1.0,114.53100000000002,4.2,2,0.008731260532083016
59974e4f0ed7ae0001991a1e,SU,1.0,43.3214,5.0,1,0.02308327985706833
59974e4f0ed7ae0001991a1e,SU,1.0,63.95220000000002,4.0,2,0.015636678644362502
548cdd6bfdf99b586046fb39,SU,1.0,88.1692,3.2,1,0.011341829119465754
548cdd6bfdf99b586046fb39,SU,0.8,66.9032,3.4,2,0.011957574525583232
5bdc8f69950dce0001bddd7e,SU,1.0,71.73339999999999,4.2,1,0.013940507490234677
5bdc8f69950dce0001bddd7e,SU,1.0,120.1772,3.4,2,0.008321045922188235
583f02c8ca2e57000184353c,SU,1.0,60.6546,4.8,1,0.016486795725303604
583f02c8ca2e57000184353c,SU,1.0,47.20119999999999,4.6,2,0.02118590205333763
5f560c98c03d6b056a3650fe,SU,1.0,28.156,3.4,1,0.03551640858076432
5f560c98c03d6b056a3650fe,SU,0.6,22.366199999999992,3.2,2,0.026826193094937906
5efd22056ec55516587f32a6,SU,1.0,37.4256,4.6,1,0.02671967850882818
5efd22056ec55516587f32a6,SU,1.0,34.29959999999999,4.4,2,0.029154858948792415
5e9edad6e7784d016ed87b36,SU,1.0,31.655600000000003,4.4,1,0.031589987237645153
5e9edad6e7784d016ed87b36,SU,1.0,21.362800000000004,3.8,2,0.04681034321343643
5f4e1699f565adaefb015182,SU,1.0,27.281,4.6,1,0.036655547817162126
5f4e1699f565adaefb015182,SU,0.8,37.2766,4.4,2,0.021461184764704936
5cd089a018a86d0001b2fda6,SU,1.0,48.086400000000005,4.6,1,0.02079590071205164
5cd089a018a86d0001b2fda6,SU,1.0,33.29880000000001,4.0,2,0.030031112232272627
5f3c156a2ee10fa057e57d0e,SU,1.0,33.513999999999996,4.2,1,0.02983827654114699
5f3c156a2ee10fa057e57d0e,SU,0.6,36.10079999999999,4.0,2,0.016620130301821568
5ebee3b533dc312a4636028a,SU,1.0,36.7732,5.0,1,0.027193717163586522
5ebee3b533dc312a4636028a,SU,1.0,38.855799999999995,5.0,2,0.025736183529871993
5f58e16e0fcd7108c2479e7c,SU,1.0,168.536,4.8,1,0.0059334504200882895
5f58e16e0fcd7108c2479e7c,SU,1.0,110.51699999999997,4.6,2,0.009048381696933507
5d470786da637a00014ba26f,SU,1.0,44.4528,5.0,1,0.022495770795090523
5d470786da637a00014ba26f,SU,1.0,43.742999999999995,4.6,2,0.0228608005852365
5f107aa051372032695c8e2f,SU,1.0,77.262,5.0,1,0.012942973259817246
5f107aa051372032695c8e2f,SU,1.0,105.56840000000003,5.0,2,0.009472531553002601
5efb03ef4cd406000b96ed93,SU,1.0,23.4254,4.0,1,0.04268870542231936
5efb03ef4cd406000b96ed93,SU,0.8,18.680000000000003,4.0,2,0.042826552462526764
5f481b06c2faa82a83a17564,SU,0.6,95.85440000000001,2.6,1,0.0062594935652406135
5f481b06c2faa82a83a17564,SU,0.8,66.4052,2.0,2,0.012047249311800885
5f16ccc87d339d0008e08016,SU,1.0,42.1514,5.0,1,0.023724004422154422
5f16ccc87d339d0008e08016,SU,1.0,71.51920000000001,4.4,2,0.013982259309388246
5f25e4ce3070d92d4bc46134,SU,0.8,66.1258,3.6,1,0.012098152309688503
5f25e4ce3070d92d4bc46134,SU,0.6,51.84660000000001,3.0,2,0.011572600710557681
5e40135348b18c000c5d6a61,SU,1.0,34.708600000000004,4.2,1,0.02881130325049123
5e40135348b18c000c5d6a61,SU,1.0,41.40859999999999,4.2,2,0.024149572794057276
5f52585f5eceb74e35b1c704,SU,1.0,62.1024,5.0,1,0.016102437264904415
5f52585f5eceb74e35b1c704,SU,1.0,134.77619999999996,5.0,2,0.007419707633840398
5eb1614dfff7a624f18e62be,SU,1.0,22.2358,4.2,1,0.04497252178918681
5eb1614dfff7a624f18e62be,SU,0.6,23.207199999999993,4.4,2,0.025854045296287365
5e3723a2c0b2896ad554be73,SU,0.8,49.778999999999996,5.0,1,0.016071033970148058
5e3723a2c0b2896ad554be73,SU,1.0,51.546800000000005,5.0,2,0.01939984635321688
5b7332e8fd718d00013d0655,SU,1.0,53.830999999999996,3.4,1,0.01857665657334993
5b7332e8fd718d00013d0655,SU,0.8,39.3274,3.0,2,0.02034205159761388
5df03e82650cd80a11bb8ead,SU,1.0,38.715599999999995,4.4,1,0.025829381437973326
5df03e82650cd80a11bb8ead,SU,1.0,36.065200000000004,4.4,2,0.0277275600856227
59966d059845ef00014de3d5,SU,0.4,20.318800000000003,3.6,1,0.01968620194105951
59966d059845ef00014de3d5,SU,0.4,46.1294,2.6,2,0.008671259543805036
558a1a79fdf99b2d7699aa79,SU,0.8,23.273200000000003,4.0,1,0.034374301771995255
558a1a79fdf99b2d7699aa79,SU,0.6,36.51780000000001,3.6,2,0.016430343558483804
5ea383db65c288304e377a72,SU,1.0,50.61880000000001,5.0,1,0.019755505859483036
5ea383db65c288304e377a72,SU,1.0,36.564799999999984,5.0,2,0.02734870695313527
5f0889eaeff16b0b1a12f565,SU,0.8,64.2136,5.0,1,0.012458420023172661
5f0889eaeff16b0b1a12f565,SU,1.0,45.870000000000005,4.8,2,0.021800741225201654
5ea70b0537c5170b90ece8ac,SU,1.0,34.7864,4.6,1,0.02874686659154152
5ea70b0537c5170b90ece8ac,SU,1.0,20.000600000000002,3.8,2,0.049998500044998645
5f608664df4c460216088707,SU,1.0,41.745400000000004,5.0,1,0.02395473513249364
5f608664df4c460216088707,SU,1.0,32.560799999999986,5.0,2,0.030711776123436785
5c35655f87b777000170d85a,SU,1.0,75.7498,5.0,1,0.013201354987075874
5c35655f87b777000170d85a,SU,1.0,63.820199999999986,5.0,2,0.015669020153493723
5db07d0f3b276c00161dc217,SA,1.0,27.367,2.0,1,0.03654035882632367
5db07d0f3b276c00161dc217,SA,0.6,71.17820000000002,2.0,2,0.008429547249017252
5f21fd432f24890008302531,SA,1.0,20.588,5.0,1,0.04857198367981348
5f21fd432f24890008302531,SA,0.8,35.51840000000001,4.6,2,0.022523537096265596
5ce2cadbed552600199dc85c,SA,1.0,14.774799999999999,4.2,1,0.06768281127324904
5ce2cadbed552600199dc85c,SA,1.0,18.5408,3.8,2,0.05393510528132551
5ccc9ace9731e100191422ab,SA,1.0,37.9822,4.8,1,0.026328122120361643
5ccc9ace9731e100191422ab,SA,0.6,54.34340000000001,4.6,2,0.01104089917082847
569ad7c8af9ad7000b64253d,SA,1.0,37.008399999999995,5.0,1,0.027020892554122853
569ad7c8af9ad7000b64253d,SA,1.0,49.298199999999994,5.0,2,0.020284716277673427
5f5f7ca62445b10428933069,SA,1.0,15.994799999999998,4.8,1,0.06252031910370871
5f5f7ca62445b10428933069,SA,1.0,25.678800000000003,3.6,2,0.038942629717899586
5c7093155ba5060001ce5f1a,SA,1.0,31.452800000000003,5.0,1,0.031793671787567396
5c7093155ba5060001ce5f1a,SA,1.0,59.84740000000001,4.4,2,0.016709163639523184
5d6a55cb78fce300014e078e,SA,1.0,21.984,4.0,1,0.04548762736535662
5d6a55cb78fce300014e078e,SA,1.0,27.8106,4.0,2,0.035957512603108165
5f50db296d9ce726e639d020,SA,1.0,15.195600000000002,5.0,1,0.0658085235199663
5f50db296d9ce726e639d020,SA,0.8,12.732799999999997,5.0,2,0.06282985674792663
5f21e6c26a97191b91aadeee,SA,1.0,20.6394,4.6,1,0.048451020863009585
5f21e6c26a97191b91aadeee,SA,1.0,42.7386,3.8,2,0.02339805234612271
5ea0eccdddea230fb0e4f1d6,SA,1.0,19.274,5.0,1,0.05188336619279858
5ea0eccdddea230fb0e4f1d6,SA,1.0,27.004600000000003,5.0,2,0.03703072809817586
5b9fec95c97c38000126d696,SA,0.8,102.8406,4.8,1,0.007779028904926654
5b9fec95c97c38000126d696,SA,0.8,29.343799999999987,4.6,2,0.02726299933887228
5ef086bbcb94ad5bd2de6ca6,SA,1.0,28.017199999999995,5.0,1,0.03569236040717845
5ef086bbcb94ad5bd2de6ca6,SA,1.0,36.3554,4.6,2,0.027506230161131493
5f09b598362fe7034e7c369d,SA,1.0,34.3786,4.6,1,0.029087862798368752
5f09b598362fe7034e7c369d,SA,1.0,35.0536,4.0,2,0.028527740374740394
5f19a0cc322f3a000b25172a,SA,0.8,26.5688,4.4,1,0.030110505555388276
5f19a0cc322f3a000b25172a,SA,0.8,36.681999999999995,3.8,2,0.02180906166512186
5f2af36061a10a452cd8dc4e,SA,0.8,20.9114,3.2,1,0.038256644700976505
5f2af36061a10a452cd8dc4e,SA,0.8,32.471799999999995,2.8,2,0.02463676174403637
5ea1dc309315030c68262aa3,SA,1.0,22.6368,5.0,1,0.044175855244557534
5ea1dc309315030c68262aa3,SA,1.0,47.360200000000006,5.0,2,0.02111477569773776
5bce39c6bdb0060001d4c31e,SA,1.0,18.368,4.6,1,0.0544425087108014
5bce39c6bdb0060001d4c31e,SA,1.0,38.290800000000004,4.6,2,0.026115933853562732
5f4d20aefc6fe997ede5a7c8,SA,1.0,36.868,4.4,1,0.02712379299121189
5f4d20aefc6fe997ede5a7c8,SA,1.0,33.187799999999996,4.6,2,0.03013155436636355
5cac639638d61000014da640,SA,0.2,15.997,4.4,1,0.012502344189535539
5cac639638d61000014da640,SA,0.6,19.4364,5.0,2,0.030869914181638574
5d1d252e111ef300182bfb3b,SA,1.0,54.4578,4.6,1,0.018362842421104048
5d1d252e111ef300182bfb3b,SA,0.6,37.5576,4.0,2,0.015975461690842865
5d7ebf9e93902b0001965912,SA,1.0,30.061200000000003,4.2,1,0.03326547177092065
5d7ebf9e93902b0001965912,SA,1.0,29.304199999999998,3.6,2,0.03412480122303288
5e861e3aad5d5a23ed166c23,SA,1.0,37.8542,4.8,1,0.02641714789904423
5e861e3aad5d5a23ed166c23,SA,1.0,54.278,4.0,2,0.018423670732156675
5f39806dc29bbc1014a85a72,SA,0.6,5.486999999999999,2.8,1,0.10934937124111538
5f39806dc29bbc1014a85a72,SA,0.2,4.4584,3.4,2,0.04485914229319936
5f2175e522764352a52e1a55,SA,0.4,4.4402,3.2,1,0.0900860321607135
5f2175e522764352a52e1a55,SA,0.4,4.189800000000001,2.8,2,0.09546995083297531
580cab86b869700001d71628,SA,1.0,34.0038,2.0,1,0.029408477876002096
580cab86b869700001d71628,SA,0.4,23.762400000000003,1.6,2,0.01683331650001683
5a232191cbf02200012a2283,SA,1.0,19.272,4.4,1,0.05188875051888751
5a232191cbf02200012a2283,SA,0.8,20.7684,3.6,2,0.03852005932089136
5e0fdde8b638537085d51b6c,SA,0.4,14.307399999999998,2.4,1,0.02795756042327747
5e0fdde8b638537085d51b6c,SA,0.6,13.283599999999998,2.4,2,0.04516847842452348
5eea99b2638e481b2e074584,SA,1.0,22.0484,5.0,1,0.04535476497160792
5eea99b2638e481b2e074584,SA,0.8,19.332199999999997,4.6,2,0.041381736170741056
5f5a8366a5d808155508d64c,SA,0.6,3.2042,3.8,1,0.1872542288246676
5f5a8366a5d808155508d64c,SA,0.4,2.9895999999999985,3.2,2,0.13379716350013388
5b2973a08c745200013b84ae,SA,1.0,17.665399999999998,4.8,1,0.056607832259671455
5b2973a08c745200013b84ae,SA,0.8,38.447199999999995,4.6,2,0.02080775713185876
5f4538b6ffe9f50c3cbe3ae1,SA,1.0,10.0122,5.0,1,0.09987814865863646
5f4538b6ffe9f50c3cbe3ae1,SA,0.8,17.429799999999993,4.2,2,0.045898403883004986
5c6659863595be0001ade448,SA,0.8,12.2758,4.6,1,0.06516886883135926
5c6659863595be0001ade448,SA,0.4,56.0754,4.4,2,0.007133252727577512
5e7760fbcce2a22c8c9698c7,SA,1.0,33.3716,4.4,1,0.029965599491783432
5e7760fbcce2a22c8c9698c7,SA,1.0,36.8138,4.4,2,0.027163726645986017
5e87206614560f0118569c49,SA,1.0,17.207,5.0,1,0.05811588307084326
5e87206614560f0118569c49,SA,0.8,26.090600000000002,4.6,2,0.03066238415367987
5ece6bbcb53e7d21a8faa5bb,SA,1.0,16.0714,4.8,1,0.062222332839702826
5ece6bbcb53e7d21a8faa5bb,SA,1.0,21.1076,4.8,2,0.04737630047944816
5e9ec8f7e16784000beea696,SA,1.0,17.5922,5.0,1,0.056843373767919876
5e9ec8f7e16784000beea696,SA,1.0,22.586000000000006,5.0,2,0.04427521473479145
5be1b59a8425f6000141b942,SA,1.0,38.5124,4.6,1,0.025965663007239227
5be1b59a8425f6000141b942,SA,0.8,50.387000000000015,4.4,2,0.015877111159624504
5d604ce86288010001e8df36,SA,1.0,21.608600000000003,4.0,1,0.04627787084771803
5d604ce86288010001e8df36,SA,0.8,28.978199999999998,4.0,2,0.02760695971454404
5f5571144af6f3944d6d2833,SA,0.8,27.631400000000003,3.0,1,0.028952568454729037
5f5571144af6f3944d6d2833,SA,0.8,39.09260000000001,2.2,2,0.020464231082097373
5f16480e6daab41e0cfe88c4,SA,1.0,15.571800000000001,4.6,1,0.06421865166518963
5f16480e6daab41e0cfe88c4,SA,1.0,52.76279999999999,4.4,2,0.0189527470111518
5586015efdf99b4204044ae1,SA,1.0,37.4036,4.2,1,0.026735394454009777
5586015efdf99b4204044ae1,SA,1.0,36.5032,4.4,2,0.027394858532950535
5f235c88d7c5b4117f9ba2fb,SA,1.0,34.4654,4.6,1,0.029014605952636555
5f235c88d7c5b4117f9ba2fb,SA,0.6,49.4938,2.8,2,0.012122730523823186
5b421b9ac2e3810001763252,SA,1.0,25.854000000000003,4.6,1,0.038678734431809386
5b421b9ac2e3810001763252,SA,0.8,46.866800000000005,4.2,2,0.017069652717915454
5f21cbf0a6367c60710a9ad7,SA,1.0,24.7358,3.8,1,0.04042723501968806
5f21cbf0a6367c60710a9ad7,SA,1.0,72.0796,3.2,2,0.013873550907607701
5e94c3053972c80824bfeec2,SA,1.0,14.8494,4.8,1,0.06734278826080516
5e94c3053972c80824bfeec2,SA,0.8,37.352,4.2,2,0.02141786249732277
5eacb65b5fe9ad3315a0a595,SA,1.0,16.061,4.8,1,0.062262623746964695
5eacb65b5fe9ad3315a0a595,SA,0.6,22.5148,4.0,2,0.026649137456251
5f0dd043b221e201edcc92ee,SA,1.0,21.5214,4.8,1,0.04646537864637059
5f0dd043b221e201edcc92ee,SA,1.0,22.375199999999996,4.6,2,0.04469233794558262
5c50efd2cc71f4000125ce0d,SA,0.4,45.9448,5.0,1,0.00870609949330501
5c50efd2cc71f4000125ce0d,SA,0.8,55.71299999999999,4.8,2,0.014359305727568076
5f22bcd1a4bddc0322f5eef8,SA,1.0,20.0072,5.0,1,0.04998200647766804
5f22bcd1a4bddc0322f5eef8,SA,1.0,22.924799999999994,4.4,2,0.0436208821887214
5c6c65f096e5aa000163e34f,SA,1.0,13.951999999999998,5.0,1,0.07167431192660552
5c6c65f096e5aa000163e34f,SA,1.0,12.262599999999997,5.0,2,0.08154877432192197
5f5df3d81e5227657f23050a,SA,0.8,53.865199999999994,3.8,1,0.014851889531645667
5f5df3d81e5227657f23050a,SA,0.8,33.484,3.8,2,0.023892008123282762
595ceea8dd044900012ce64a,SA,1.0,51.050200000000004,4.4,1,0.019588561846966317
595ceea8dd044900012ce64a,SA,0.4,92.4842,3.6,2,0.004325063091857853
5f50f7c6c2e4fb2ad2c2ed3e,SA,1.0,25.107799999999997,4.6,1,0.03982826054054916
5f50f7c6c2e4fb2ad2c2ed3e,SA,1.0,31.007000000000005,4.0,2,0.03225078208146547
5f0f0befef60ac043a1514bd,SA,1.0,67.9532,4.6,1,0.014716010430708195
5f0f0befef60ac043a1514bd,SA,1.0,84.75099999999998,3.4,2,0.01179927080506425
5e190df45941db1d594988bd,SA,1.0,22.047800000000002,3.6,1,0.04535599923801921
5e190df45941db1d594988bd,SA,0.6,32.5964,2.6,2,0.01840694064375207
5f3f42c20b92a323011faad4,SA,1.0,13.383199999999999,3.4,1,0.07472054516109751
5f3f42c20b92a323011faad4,SA,0.8,26.07439999999999,2.2,2,0.030681434663884895
5c1b06d9a329230001ecc39c,SA,1.0,26.1804,5.0,1,0.038196513422254816
5c1b06d9a329230001ecc39c,SA,1.0,55.748400000000004,5.0,2,0.017937734535879057
5f2b328b26309f560e842f13,SA,1.0,22.354999999999997,4.8,1,0.04473272198613286
5f2b328b26309f560e842f13,SA,1.0,44.6422,4.0,2,0.022400329732853667
5f52feb680ec78616bb452e9,SA,1.0,24.418400000000002,4.4,1,0.04095272417521213
5f52feb680ec78616bb452e9,SA,1.0,21.467200000000002,4.8,2,0.046582693597674585
5f5e8671f233b4746ed1df46,SA,1.0,25.5766,4.0,1,0.03909823823338521
5f5e8671f233b4746ed1df46,SA,1.0,29.907799999999998,3.8,2,0.03343609359431319
5f1534f66bc35e12cc08ea02,SA,1.0,18.040200000000002,3.6,1,0.05543175796277203
5f1534f66bc35e12cc08ea02,SA,0.8,21.943999999999996,3.0,2,0.036456434560699975
5e8f8ebc09b58f28c329da6f,SA,1.0,28.868000000000002,4.6,1,0.03464043231259526
5e8f8ebc09b58f28c329da6f,SA,0.8,30.422999999999995,4.4,2,0.026295894553462845
5c254999a579860001dee1ff,SA,0.8,24.675600000000003,4.0,1,0.032420690884922755
5c254999a579860001dee1ff,SA,0.6,35.12339999999999,3.0,2,0.0170826286749005
5ee7fa3162ca1f0e567d6bc1,SA,1.0,12.2372,5.0,1,0.08171804007452685
5ee7fa3162ca1f0e567d6bc1,SA,0.8,46.7128,4.2,2,0.01712592694079567
5b0881a82e75960001b8b505,SA,1.0,18.2586,5.0,1,0.05476871173036268
5b0881a82e75960001b8b505,SA,1.0,20.544,5.0,2,0.04867601246105919
5f518d581f546c3dd49139c7,SA,1.0,12.6028,4.8,1,0.07934744659916844
5f518d581f546c3dd49139c7,SA,1.0,19.2108,4.0,2,0.05205405292856102
5c71b88ae559500001d1fcf2,SA,0.8,19.0228,4.8,1,0.042054797401013526
5c71b88ae559500001d1fcf2,SA,0.8,34.015,4.4,2,0.0235190357195355
5e5e7ad759df371a0962f255,SA,0.8,18.232599999999998,4.2,1,0.04387745028136416
5e5e7ad759df371a0962f255,SA,1.0,16.160400000000003,3.8,2,0.06187965644414741
58a470a2ef58a9000119c101,SA,1.0,21.5464,4.6,1,0.046411465488434264
58a470a2ef58a9000119c101,SA,1.0,36.9676,3.8,2,0.027050714679881845
5f179c9df58992147642ac71,SA,1.0,18.933600000000002,4.8,1,0.052816157518908176
5f179c9df58992147642ac71,SA,0.8,40.12479999999999,4.2,2,0.019937794082462722
58d0632c2fc72000011f8c57,SA,1.0,39.4756,4.6,1,0.0253321038818916
58d0632c2fc72000011f8c57,SA,1.0,33.3592,4.8,2,0.02997673805127221
5f577f7ae212d4234c1d4da8,SA,1.0,29.349199999999996,5.0,1,0.034072478977280475
5f577f7ae212d4234c1d4da8,SA,1.0,32.4548,4.6,2,0.03081208326657382
5ebaacc7e95c4c0008a443b1,SA,1.0,14.0096,4.8,1,0.0713796253997259
5ebaacc7e95c4c0008a443b1,SA,1.0,17.070800000000002,4.4,2,0.05857956276214354
5dd58453bb28b1545e09189d,SA,1.0,15.907599999999999,3.8,1,0.06286303402147402
5dd58453bb28b1545e09189d,SA,0.8,25.0924,4.0,2,0.03188216352361671
59f4a9477086f80001941298,SA,1.0,16.9894,5.0,1,0.05886023049666263
59f4a9477086f80001941298,SA,1.0,34.6986,5.0,2,0.028819606554731314
5d410f4d037fb000173a2832,SA,0.6,13.091399999999998,4.2,1,0.04583161464778405
5d410f4d037fb000173a2832,SA,1.0,19.968200000000003,4.0,2,0.050079626606304016
5f2985bc26309f095e4c36b4,SA,1.0,25.087799999999998,4.8,1,0.0398600116391234
5f2985bc26309f095e4c36b4,SA,0.8,33.646,5.0,2,0.023776972002615467
5ee3fd6cb261520f12fb0d41,SA,1.0,27.0486,5.0,1,0.03697049015475847
5ee3fd6cb261520f12fb0d41,SA,1.0,65.512,4.8,2,0.015264379045060446
5f4286fe1e65c84670065c30,SA,1.0,25.3816,5.0,1,0.03939861947237369
5f4286fe1e65c84670065c30,SA,1.0,27.924599999999998,5.0,2,0.03581071886437048
5d0bae193e8262001589a71c,SA,0.2,23.1344,3.2,1,0.008645134518293105
5d0bae193e8262001589a71c,SA,0.6,29.185600000000004,3.0,2,0.020558083438407978
5e8e474ffacc7d10481f2f15,SA,1.0,13.643600000000001,3.6,1,0.07329443841801284
5e8e474ffacc7d10481f2f15,SA,0.6,23.4802,4.6,2,0.02555344503028083
5e25bfae3bb6fc016a424964,SA,1.0,44.1976,4.6,1,0.022625662931923904
5e25bfae3bb6fc016a424964,SA,0.8,51.0592,4.0,2,0.015668087239909752
5b2f7e715307700001059b78,SA,1.0,20.4618,5.0,1,0.048871555777106605
5b2f7e715307700001059b78,SA,1.0,43.897,4.2,2,0.02278060004100508
5ef3bb265311db14418a71f7,SA,1.0,20.7348,4.8,1,0.04822809961996258
5ef3bb265311db14418a71f7,SA,1.0,33.9804,4.4,2,0.029428729502889897
5d3ee89122ed84000172272a,SA,1.0,23.341600000000003,3.0,1,0.04284196456112691
5d3ee89122ed84000172272a,SA,0.4,19.8422,3.2,2,0.020159054943504253
5ee9fc83a17c1d02ad6c07e0,SA,0.4,7.234999999999999,3.2,1,0.05528680027643401
5ee9fc83a17c1d02ad6c07e0,SA,0.0,7.632399999999999,3.2,2,0.0
5e9bc7adcf719d0d4854a34e,SA,0.8,18.522199999999998,5.0,1,0.043191413546986863
5e9bc7adcf719d0d4854a34e,SA,0.8,21.2782,4.2,2,0.0375971651737459
5edf94ca75bfd126354e13b9,GA,1.0,15.321599999999998,3.6,1,0.06526733500417711
5edf94ca75bfd126354e13b9,GA,1.0,18.4136,4.0,2,0.054307685623669465
5c66bbd0d0fb37000172fdfe,GA,0.8,16.046,4.2,1,0.049856662096472645
5c66bbd0d0fb37000172fdfe,GA,1.0,21.6178,3.4,2,0.046258176132631446
5ebf20dfbe8f9015d7928160,GA,0.2,2.5866,2.2,1,0.07732158045310447
5ebf20dfbe8f9015d7928160,GA,0.2,2.2070000000000003,2.4,2,0.09062075215224286
5a5bc995f6c517000195103f,GA,0.8,24.5228,5.0,1,0.03262270213841813
5a5bc995f6c517000195103f,GA,1.0,35.784200000000006,4.2,2,0.027945294291894185
5f14d601e919fa0dfb5806c0,GA,1.0,34.782000000000004,4.6,1,0.02875050313380484
5f14d601e919fa0dfb5806c0,GA,0.6,20.9072,5.0,2,0.028698247493686387
5f4c01c41782f67f7e1fe2c2,GA,1.0,18.875799999999998,5.0,1,0.0529778870299537
5f4c01c41782f67f7e1fe2c2,GA,1.0,35.4964,5.0,2,0.02817187095029355
5f52b4ed09e6d05bcd10e577,GA,1.0,25.2034,5.0,1,0.0396771864113572
5f52b4ed09e6d05bcd10e577,GA,1.0,37.836800000000004,4.4,2,0.02642929634641407
5c86303fc2ceec001719a6eb,GA,1.0,24.5252,5.0,1,0.04077438716096097
5c86303fc2ceec001719a6eb,GA,1.0,30.9138,4.8,2,0.032348012861569915
5f5e9f1718746376c843da85,GA,1.0,55.311800000000005,3.4,1,0.01807932484569296
5f5e9f1718746376c843da85,GA,0.8,28.20859999999999,3.2,2,0.028360145487546364
5f4293939d4eda48c389e3dd,GA,1.0,36.43,3.6,1,0.02744990392533626
5f4293939d4eda48c389e3dd,GA,0.8,93.89320000000001,3.2,2,0.008520318830330631
5706fb93914b7100093b7925,GA,1.0,10.2274,4.4,1,0.09777656100279641
5706fb93914b7100093b7925,GA,0.6,14.7858,4.2,2,0.04057947490159477
5cc1d40a0c244900013b90b2,GA,1.0,15.5916,4.6,1,0.06413709946381385
5cc1d40a0c244900013b90b2,GA,1.0,25.2842,4.4,2,0.03955039115336851
5c6325a730ccf800019350c6,GA,0.6,35.8846,3.4,1,0.01672026440311443
5c6325a730ccf800019350c6,GA,1.0,34.366200000000006,3.6,2,0.029098358270626366
5483702ffdf99b24c654b810,GA,0.8,14.744,4.8,1,0.05425935973955508
5483702ffdf99b24c654b810,GA,0.6,19.0594,3.4,2,0.03148052929263251
5980fff19bf4fe0001070984,GA,0.8,15.2574,3.2,1,0.052433573216930804
5980fff19bf4fe0001070984,GA,0.8,21.8468,2.2,2,0.03661863522346522
5d549deaec261c001a88748f,GA,1.0,20.2836,4.6,1,0.04930091305290974
5d549deaec261c001a88748f,GA,0.8,56.793000000000006,4.4,2,0.014086243022907752
5c2ba30059ce1100010724b1,GA,1.0,27.6248,3.6,1,0.03619935709941791
5c2ba30059ce1100010724b1,GA,0.8,18.5848,3.2,2,0.04304593000731781
5efcbd999aad650a6e316a7f,GA,1.0,19.6216,5.0,1,0.05096424348676968
5efcbd999aad650a6e316a7f,GA,1.0,18.623800000000006,5.0,2,0.053694734694315856
5f58f1d3b5424a0b55fd0633,GA,0.6,19.316799999999997,3.8,1,0.031061045307711425
5f58f1d3b5424a0b55fd0633,GA,0.8,26.62359999999999,3.8,2,0.03004852837332293
59614e6887bef300013a4bb1,GA,1.0,24.325,5.0,1,0.041109969167523124
59614e6887bef300013a4bb1,GA,1.0,39.96040000000001,5.0,2,0.02502477452678151
5decf59cca37283b0bf4d630,GA,1.0,11.4364,5.0,1,0.08744010352908257
5decf59cca37283b0bf4d630,GA,1.0,19.845000000000002,5.0,2,0.050390526581002765
5e5c00024b439f3eb41a24d1,GA,1.0,18.959799999999998,5.0,1,0.0527431723963333
5e5c00024b439f3eb41a24d1,GA,1.0,29.6048,5.0,2,0.03377830622061287
5f22de3904d2a80008ca108a,GA,1.0,52.59400000000001,3.2,1,0.01901357569304483
5f22de3904d2a80008ca108a,GA,0.8,95.7278,2.8,2,0.008357028992622834
5f452eba7fdd360add338a96,GA,1.0,20.2386,4.2,1,0.049410532349075525
5f452eba7fdd360add338a96,GA,1.0,36.96219999999999,2.4,2,0.0270546666594521
5d758a3b5eeed2,GA,1.0,25.907,4.8,1,0.0385996062840159
5d758a3b5eeed2,GA,0.4,62.18140000000001,4.2,2,0.0064327917994770134
5c81f8a4e534f80016132626,GA,1.0,8.5214,5.0,1,0.11735160889055789
5c81f8a4e534f80016132626,GA,1.0,14.2964,4.4,2,0.06994767913600626
5f3e6c878e0c6807403c1941,GA,1.0,14.8646,4.0,1,0.06727392597177187
5f3e6c878e0c6807403c1941,GA,0.4,17.910999999999998,4.0,2,0.02233264474345375
5db2d023d76f07000b00349a,GA,0.8,19.5402,3.8,1,0.04094123908660096
5db2d023d76f07000b00349a,GA,1.0,22.169,2.6,2,0.04510803374080924
5a0e16f0063e8600012f86b7,GA,1.0,23.8996,5.0,1,0.04184170446367303
5a0e16f0063e8600012f86b7,GA,1.0,34.992399999999996,5.0,2,0.02857763400052583
5f53d4f0d3e03471e4eb4847,GA,1.0,30.032799999999998,5.0,1,0.033296928691297516
5f53d4f0d3e03471e4eb4847,GA,0.8,31.635399999999994,4.4,2,0.025288126592361727
5edaaffa2fb6186f3a7b4579,GA,1.0,30.7742,4.0,1,0.032494752097536245
5edaaffa2fb6186f3a7b4579,GA,0.8,41.2086,2.6,2,0.019413423411617965
5916dac8219344000197c766,GA,1.0,29.2084,5.0,1,0.03423672642116651
5916dac8219344000197c766,GA,1.0,61.3414,4.8,2,0.01630220373190048
5f2ae53cfaf8ee42b43890c0,GA,1.0,39.9382,4.2,1,0.02503868476796651
5f2ae53cfaf8ee42b43890c0,GA,1.0,39.4198,4.4,2,0.025367962293060847
5ea1f8de2ac60d0fbf1e5624,GA,1.0,15.091399999999998,3.6,1,0.06626290470069046
5ea1f8de2ac60d0fbf1e5624,GA,0.4,18.7776,3.2,2,0.02130197682344922
5ca356cb72a23200160ce912,GA,1.0,21.4536,4.4,1,0.04661222358951411
5ca356cb72a23200160ce912,GA,0.8,26.041800000000002,3.6,2,0.030719842714405303
59ff92117542890001aa60fc,GA,1.0,16.77,5.0,1,0.05963029218843172
59ff92117542890001aa60fc,GA,1.0,27.175,4.8,2,0.03679852805887764
5cb902701f3e4c00015d1ab8,GA,1.0,35.0278,5.0,1,0.02854875270499432
5cb902701f3e4c00015d1ab8,GA,1.0,50.80800000000001,4.4,2,0.01968193985199181
5f61446127a9d90d670aedfb,GA,1.0,36.5928,4.6,1,0.02732778032837061
5f61446127a9d90d670aedfb,GA,1.0,35.22420000000001,5.0,2,0.02838957307760005
5de32e59af7a4234aac4a6b4,GA,1.0,14.7912,3.8,1,0.06760776678024771
5de32e59af7a4234aac4a6b4,GA,0.8,17.703399999999995,3.6,2,0.045189059728639715
5f2502c10858c4143fafa023,GA,1.0,14.823599999999999,4.8,1,0.06745999622224022
5f2502c10858c4143fafa023,GA,0.8,26.633199999999995,3.4,2,0.030037697310124213
5be6a48799c3970001a974a9,GA,0.8,36.726000000000006,5.0,1,0.021782933071938133
5be6a48799c3970001a974a9,GA,1.0,38.61360000000001,4.6,2,0.025897611204342502
57a0d81d81f331000139d989,GA,1.0,18.264400000000002,5.0,1,0.05475131950680011
57a0d81d81f331000139d989,GA,1.0,19.478999999999996,4.0,2,0.05133733764566971
5f5f32b56aba30016dba61cd,GA,1.0,33.911199999999994,4.4,1,0.0294887824671495
5f5f32b56aba30016dba61cd,GA,0.6,36.26639999999999,4.0,2,0.01654423929587718
5f0d70b166001b78a68dbb52,GA,1.0,14.6788,4.8,1,0.06812545984685396
5f0d70b166001b78a68dbb52,GA,0.6,15.855200000000002,4.6,2,0.03784247439325899
5efbce484cee781856fc95ef,GA,1.0,19.284200000000002,5.0,1,0.051855923502141646
5efbce484cee781856fc95ef,GA,0.6,18.349600000000002,5.0,2,0.03269826045254392
5f053ca10207bf83952e9acd,GA,0.6,39.939800000000005,2.2,1,0.015022609026585008
5f053ca10207bf83952e9acd,GA,0.8,24.84499999999999,3.8,2,0.03219963775407528
5d5ae6e4d5610d0001d9c24d,GA,1.0,17.8998,4.8,1,0.05586654599492732
5d5ae6e4d5610d0001d9c24d,GA,0.8,31.900600000000004,4.2,2,0.025077898221350068
5e7f5cf737976e000850a4bb,GA,1.0,13.6358,4.4,1,0.07333636456973555
5e7f5cf737976e000850a4bb,GA,0.2,19.919800000000002,3.0,2,0.010040261448408116
5f0d415d28d2f475730f132c,GA,1.0,19.091199999999997,5.0,1,0.05238015420717399
5f0d415d28d2f475730f132c,GA,0.8,29.563399999999994,4.4,2,0.027060486953462734
5a4c334121bfa00001081a4e,GA,0.8,56.53439999999999,3.4,1,0.014150676402332035
5a4c334121bfa00001081a4e,GA,0.6,36.7302,3.0,2,0.01633533168890994
5edf9c64ecf5a026f9fd3464,GA,1.0,26.2582,4.6,1,0.03808334158472401
5edf9c64ecf5a026f9fd3464,GA,0.6,32.638200000000005,3.8,2,0.01838336672978289
595398234d56070001645fd9,GA,1.0,18.0734,5.0,1,0.05532993238682263
595398234d56070001645fd9,GA,1.0,34.656,4.6,2,0.028855032317636198
5ef120f9f3fefb0f91ec6e16,GA,1.0,20.504,4.8,1,0.04877097151775263
5ef120f9f3fefb0f91ec6e16,GA,0.8,36.7488,3.4,2,0.02176941832114246
5f5a89361b86c0167f59ecd3,GA,1.0,25.024,4.4,1,0.0399616368286445
5f5a89361b86c0167f59ecd3,GA,0.8,37.60519999999999,4.2,2,0.021273653643645037
5f4eccea90113011962c0cd6,GA,1.0,9.2272,4.0,1,0.10837523842552454
5f4eccea90113011962c0cd6,GA,1.0,10.8226,3.6,2,0.09239923863027369
5ee454ad40c72e152991826e,GA,1.0,17.612000000000002,5.0,1,0.05677946854417442
5ee454ad40c72e152991826e,GA,1.0,20.053999999999995,4.6,2,0.049865363518500065
5cc48c234bb96d00018a8bfe,GA,0.8,14.1938,3.0,1,0.056362637207794955
5cc48c234bb96d00018a8bfe,GA,0.4,14.73,3.0,2,0.027155465037338764
5ebc59018442d1078efabe0b,GA,0.8,43.2034,3.4,1,0.01851706115722374
5ebc59018442d1078efabe0b,GA,0.4,30.432799999999997,4.4,2,0.013143713361899005
5f511e9381da7d30c91a46a2,GA,1.0,24.778,5.0,1,0.040358382436031966
5f511e9381da7d30c91a46a2,GA,0.8,25.182000000000002,5.0,2,0.03176872369152569
5f497e30936e953c4b2ad181,GA,1.0,25.4524,5.0,1,0.03928902578931653
5f497e30936e953c4b2ad181,GA,1.0,25.699399999999997,4.4,2,0.038911414274263215
5ee41ab6e5eb9f11878e969f,GA,1.0,28.200199999999995,4.4,1,0.03546074141318147
5ee41ab6e5eb9f11878e969f,GA,1.0,30.374799999999993,3.6,2,0.032922027470139725
57adbbe8bcf54e000152816b,GA,1.0,9.8542,4.0,1,0.10147957216212376
57adbbe8bcf54e000152816b,GA,1.0,26.9072,3.2,2,0.037164773740857464
5eaa76b0b57e4b1ff6147799,GA,1.0,10.613000000000001,4.8,1,0.09422406482615658
5eaa76b0b57e4b1ff6147799,GA,0.6,14.192000000000002,4.6,2,0.04227733934611048
5f44f0eadbc7ce032d4aff53,GA,1.0,28.269000000000005,4.0,1,0.035374438430789905
5f44f0eadbc7ce032d4aff53,GA,1.0,18.242599999999992,4.0,2,0.054816747612730664
568eca7be3ef9e000ca208fc,GA,1.0,15.766200000000001,4.8,1,0.06342682447260595
568eca7be3ef9e000ca208fc,GA,1.0,16.8698,4.4,2,0.05927752551897473
5f5a7aa1187463145e7e14c9,GA,1.0,20.5922,4.8,1,0.04856207690290499
5f5a7aa1187463145e7e14c9,GA,1.0,23.792000000000005,5.0,2,0.042030934767989234
5cf21b7b2456d90001ee8e40,GA,1.0,14.9988,4.6,1,0.06667200042670081
5cf21b7b2456d90001ee8e40,GA,0.8,37.3908,4.6,2,0.02139563742952812
5f2464810e30c801f0c5161e,GA,1.0,22.6236,5.0,1,0.04420163015612016
5f2464810e30c801f0c5161e,GA,1.0,41.176,4.2,2,0.02428599183990674
57441f8954636a000d7865ba,GA,1.0,21.831400000000002,2.2,1,0.04580558278442976
57441f8954636a000d7865ba,GA,0.4,22.689,1.4,2,0.017629688395257616
5f616fd996894311c4e88bf6,GA,1.0,17.887999999999998,3.0,1,0.055903398926654746
5f616fd996894311c4e88bf6,GA,0.8,19.626599999999996,2.8,2,0.04076100801972834
5e4d94e8ee0d4509aacdfbc8,GA,1.0,22.303400000000003,4.8,1,0.04483621331276845
5e4d94e8ee0d4509aacdfbc8,GA,0.8,27.4514,4.0,2,0.029142411680278604
5f535e68a80f5b650ed852e4,GA,1.0,26.7386,5.0,1,0.037399115884900476
5f535e68a80f5b650ed852e4,GA,1.0,36.555,5.0,2,0.02735603884557516
5da6c9f479d2ea0016002983,GA,1.0,20.293,3.6,1,0.049278076183905783
5da6c9f479d2ea0016002983,GA,0.8,22.6182,3.2,2,0.03536974648734205
5d5e4baff521f100166c5d3a,GA,1.0,9.3992,4.6,1,0.10639203336454166
5d5e4baff521f100166c5d3a,GA,0.8,18.5616,5.0,2,0.04309973278165676
5d26d5fee0cd6a0001055673,GA,1.0,16.1494,5.0,1,0.06192180514446357
5d26d5fee0cd6a0001055673,GA,0.6,16.973000000000006,4.6,2,0.03535026218111116
5d2464b812b27400011db6e7,GA,1.0,20.2656,4.8,1,0.04934470235275541
5d2464b812b27400011db6e7,GA,0.8,31.057599999999997,4.6,2,0.025758590489928394
5ec682b47ee9e4078e50eac7,GA,1.0,62.649,5.0,1,0.01596194671902185
5ec682b47ee9e4078e50eac7,GA,0.6,67.72320000000002,3.2,2,0.008859593167481746
5b65f528055d9e00011d53f5,GA,1.0,14.277199999999999,4.8,1,0.07004174487994845
5b65f528055d9e00011d53f5,GA,1.0,22.6464,4.8,2,0.044157128726861665
5f2895e11fafbf1d8b3c33b2,GA,1.0,21.261,5.0,1,0.047034476271106726
5f2895e11fafbf1d8b3c33b2,GA,1.0,51.67959999999999,4.4,2,0.019349994969001312
5bef31aa059b3200010715dc,GA,1.0,17.5744,4.2,1,0.05690094683175528
5bef31aa059b3200010715dc,GA,0.8,24.3862,3.2,2,0.032805439141809715
5f561f7de875ba2271450b22,GA,1.0,15.5078,4.8,1,0.06448367918079934
5f561f7de875ba2271450b22,GA,0.8,27.340199999999992,3.2,2,0.029260941763410667
5d8cef3c28e183001a335ab0,HA,1.0,25.755199999999995,4.2,1,0.03882711064173449
5d8cef3c28e183001a335ab0,HA,1.0,40.929,2.8,2,0.02443255393486281
5f513a957d4867156ab1d92b,HA,1.0,24.212399999999995,3.8,1,0.041301151476103165
5f513a957d4867156ab1d92b,HA,1.0,40.324200000000005,3.2,2,0.024799004071996467
5e3019c0b5ba77016e2bcaf4,HA,1.0,55.2438,2.8,1,0.018101578819704655
5e3019c0b5ba77016e2bcaf4,HA,0.8,117.93980000000002,2.6,2,0.006783121558625671
5c798745a67b9100015f2368,HA,1.0,23.9832,5.0,1,0.041695853764301676
5c798745a67b9100015f2368,HA,1.0,26.682000000000006,4.6,2,0.037478449891312486
59b6fc6662b30d0001b7a8bb,HA,1.0,19.580199999999998,4.8,1,0.051072001307443236
59b6fc6662b30d0001b7a8bb,HA,0.8,15.5658,4.2,2,0.05139472433154737
5f10da001b822c2988fbdb89,HA,1.0,19.678199999999997,4.0,1,0.05081765608643068
5f10da001b822c2988fbdb89,HA,1.0,31.8902,4.0,2,0.031357595750418625
5e1829a4388ec910efd56602,HA,1.0,14.9632,3.4,1,0.066830624465355
5e1829a4388ec910efd56602,HA,0.8,18.427400000000006,2.8,2,0.04341361233814862
5f1a2bdfdf6e2412308b8bab,HA,0.4,10.3216,2.0,1,0.038753681599751975
5f1a2bdfdf6e2412308b8bab,HA,0.0,7.839800000000006,3.0,2,0.0
5ef60090ad58c028b04808b6,HA,1.0,19.458,4.0,1,0.05139274334463974
5ef60090ad58c028b04808b6,HA,1.0,28.786800000000007,3.6,2,0.03473814387149665
5d776e218a8d1d00166d36a6,HA,0.6,36.5086,3.8,1,0.016434483929813795
5d776e218a8d1d00166d36a6,HA,0.8,27.88960000000001,4.2,2,0.028684527565830984
5a5d7a42acc75b00017a8193,HA,1.0,23.1392,4.4,1,0.043216705849813304
5a5d7a42acc75b00017a8193,HA,1.0,23.5888,4.6,2,0.0423930000678288
5a9cc4c66475f90001a001fd,HA,0.8,21.814999999999998,3.0,1,0.036672014668805875
5a9cc4c66475f90001a001fd,HA,0.8,29.829200000000004,2.0,2,0.026819358212757965
5eee0dc4b02df0070d4e7683,HA,0.6,28.8884,3.6,1,0.02076958225446892
5eee0dc4b02df0070d4e7683,HA,1.0,24.980200000000004,3.6,2,0.04003170511044747
5ee58a8d447e982daea7d1a4,HA,1.0,26.985200000000003,3.8,1,0.03705734995479003
5ee58a8d447e982daea7d1a4,HA,1.0,38.241400000000006,2.8,2,0.02614967025265811
5a68cddb31b87a0001c75534,HA,1.0,16.6864,4.6,1,0.05992904401188993
5a68cddb31b87a0001c75534,HA,0.8,26.739200000000004,3.8,2,0.029918621349928193
5e73ed268c8f27364de746c5,HA,1.0,24.4538,4.8,1,0.040893439874375354
5e73ed268c8f27364de746c5,HA,0.8,25.781999999999993,4.2,2,0.031029400356838113
5efd07dfcb009f1430a95663,HA,1.0,28.5542,5.0,1,0.0350211177339936
5efd07dfcb009f1430a95663,HA,0.8,51.9446,5.0,2,0.015401023398004797
5dd7eb4841fb3f785f7ec7c8,HA,1.0,13.6368,4.6,1,0.0733309867417576
5dd7eb4841fb3f785f7ec7c8,HA,0.8,17.478799999999996,4.4,2,0.04576973247591369
5f35bb460db2f81d1dd66900,HA,1.0,13.9088,4.4,1,0.07189692856321178
5f35bb460db2f81d1dd66900,HA,1.0,16.434400000000004,3.6,2,0.060847977413230774
56d1f7f67bbc32000589a588,HA,1.0,18.039800000000003,5.0,1,0.05543298706194081
56d1f7f67bbc32000589a588,HA,1.0,87.2096,4.4,2,0.011466627527244708
5ef7b614bd27420d56b047c0,HA,1.0,19.5618,3.8,1,0.05112004007811142
5ef7b614bd27420d56b047c0,HA,1.0,28.8106,2.8,2,0.03470944721734361
5c5c9178dff4b30001aa7a9e,HA,1.0,31.895799999999998,4.0,1,0.03135209024385656
5c5c9178dff4b30001aa7a9e,HA,1.0,49.97020000000001,3.8,2,0.020011927108556694
5d4eafaaf86d5f00011fdf3d,HA,1.0,24.7172,5.0,1,0.04045765701616688
5d4eafaaf86d5f00011fdf3d,HA,1.0,29.920799999999996,5.0,2,0.0334215662682816
5e7dd5b90923ad0009f80bbc,HA,0.8,38.754200000000004,3.4,1,0.02064292386373606
5e7dd5b90923ad0009f80bbc,HA,0.4,39.3002,4.0,2,0.01017806525157633
55b53384fdf99b2b69c82509,HA,0.8,14.5488,5.0,1,0.05498735290883097
55b53384fdf99b2b69c82509,HA,0.8,32.1394,4.0,2,0.024891566115111046
5def7438abf421000c416387,HA,0.8,19.0312,3.4,1,0.04203623523477238
5def7438abf421000c416387,HA,0.6,17.569000000000003,3.0,2,0.03415106152882918
5d16f74040218700189a0fce,HA,1.0,18.6432,4.4,1,0.05363886028149674
5d16f74040218700189a0fce,HA,1.0,21.928000000000004,3.6,2,0.0456037942356804
5e6059d3ac8ca53ac1da480e,HA,1.0,29.9092,4.6,1,0.033434528506279
5e6059d3ac8ca53ac1da480e,HA,0.6,34.513400000000004,3.4,2,0.017384552087015476
5f4f92a3ef108806270215c9,HA,1.0,49.5896,4.6,1,0.020165518576475715
5f4f92a3ef108806270215c9,HA,0.8,63.9732,4.2,2,0.012505236567812772
5f4412624052727181839e3a,HA,1.0,13.744399999999999,4.0,1,0.07275690463024942
5f4412624052727181839e3a,HA,0.8,14.848199999999995,2.2,2,0.05387858460958233
56cb72f1edf8da000b6df137,HA,1.0,16.0834,4.8,1,0.06217590807913749
56cb72f1edf8da000b6df137,HA,0.8,24.374200000000002,3.8,2,0.03282159004192958
5c92f797803bff0017fef8dd,HA,1.0,14.3138,4.8,1,0.06986265003004094
5c92f797803bff0017fef8dd,HA,0.8,12.5872,4.8,2,0.06355662895640016
5f4e9257bceeac0a0241e1a2,HA,1.0,26.7734,5.0,1,0.03735050460531722
5f4e9257bceeac0a0241e1a2,HA,0.8,47.66019999999999,4.8,2,0.016785493976105854
5f53d2b30a752a7228aa34b7,HA,1.0,22.404199999999996,4.8,1,0.04463448817632409
5f53d2b30a752a7228aa34b7,HA,0.8,29.3868,4.4,2,0.027223106973198852
5f58a36614fd69021c9288d1,HA,1.0,21.605600000000003,4.0,1,0.04628429666382789
5f58a36614fd69021c9288d1,HA,0.6,27.1946,4.6,2,0.022063203724268787
5f4b1d3ecb08016e17e44e17,HA,1.0,17.1392,5.0,1,0.05834578043315908
5f4b1d3ecb08016e17e44e17,HA,1.0,24.154000000000003,5.0,2,0.0414010101846485
5de0b69ba91be311cb773b0b,HA,1.0,18.520400000000002,5.0,1,0.0539945141573616
5de0b69ba91be311cb773b0b,HA,1.0,20.706400000000002,4.4,2,0.04829424718927481
5efe13f00c3da12c9d4fb635,HA,1.0,16.8774,4.0,1,0.059250832474196255
5efe13f00c3da12c9d4fb635,HA,0.4,33.467600000000004,3.2,2,0.01195185791631309
5ecee0266524362e5666f818,HA,1.0,14.438799999999997,5.0,1,0.0692578330609192
5ecee0266524362e5666f818,HA,0.8,19.317400000000003,4.4,2,0.04141344073218963
5974c55334b844000168d278,HA,1.0,36.094,4.4,1,0.027705435806505235
5974c55334b844000168d278,HA,0.6,29.18980000000001,4.4,2,0.0205551254205236
5ef0f3bbc970f445cc4ce237,HA,1.0,14.080200000000001,4.8,1,0.0710217184414994
5ef0f3bbc970f445cc4ce237,HA,1.0,19.786399999999997,4.4,2,0.05053976468685563
59fa3f3705d1d60001f149da,HA,1.0,24.9894,3.6,1,0.04001696719409029
59fa3f3705d1d60001f149da,HA,0.8,39.9412,2.8,2,0.02002944328162399
5b01e69aa496b300013d5b9b,HA,1.0,17.5142,4.0,1,0.05709652738920419
5b01e69aa496b300013d5b9b,HA,0.8,19.4858,2.8,2,0.041055537878865636
5d0a1045b318b6001742ea0a,HA,1.0,23.6764,4.6,1,0.04223615076616377
5d0a1045b318b6001742ea0a,HA,0.6,45.3494,3.8,2,0.013230605035568275
58d9a79c33fef3000118abdf,HA,1.0,28.8274,5.0,1,0.034689219284430785
58d9a79c33fef3000118abdf,HA,1.0,30.196800000000007,5.0,2,0.033116091771313506
5ee0fc80afc30b0ccf0ea0d3,HA,1.0,39.9964,5.0,1,0.025002250202518225
5ee0fc80afc30b0ccf0ea0d3,HA,1.0,60.81120000000001,4.4,2,0.01644433920067356
5f3139b4bae43925de65216a,HA,0.4,23.532400000000003,4.0,1,0.016997841274158182
5f3139b4bae43925de65216a,HA,0.6,28.112400000000008,3.4,2,0.021342894950271047
5f34279fcda0002d9e093c09,HA,0.8,32.879599999999996,4.2,1,0.024331196243263305
5f34279fcda0002d9e093c09,HA,0.8,29.716200000000008,4.2,2,0.026921342567353828
5de312201efe513486ed5569,HA,1.0,14.695600000000002,5.0,1,0.0680475788671439
5de312201efe513486ed5569,HA,1.0,23.028000000000002,4.8,2,0.04342539517109605
5f4839e6951dbe1c030df812,HA,1.0,21.0948,4.4,1,0.04740504768947798
5f4839e6951dbe1c030df812,HA,0.8,22.888399999999997,5.0,2,0.03495220286258542
5ee57a019e80f50008aba206,HA,1.0,14.0076,5.0,1,0.07138981695650932
5ee57a019e80f50008aba206,HA,1.0,17.898799999999998,5.0,2,0.055869667240261926
5f0c40741fa6930438c1f19c,HA,0.8,15.45,4.0,1,0.05177993527508091
5f0c40741fa6930438c1f19c,HA,0.6,24.04200000000001,3.2,2,0.02495632642874968
5be0bf8e292b64000169a165,HA,1.0,19.176399999999997,4.8,1,0.05214743121753823
5be0bf8e292b64000169a165,HA,1.0,45.07719999999999,3.8,2,0.022184164056330034
5d90298097a2130015f3fa3c,HA,1.0,16.081200000000003,4.6,1,0.06218441409845035
5d90298097a2130015f3fa3c,HA,0.8,19.6572,4.2,2,0.04069755611175549
5f512315a90f9b305d92c8f5,HA,1.0,25.7922,4.6,1,0.038771411512007505
5f512315a90f9b305d92c8f5,HA,1.0,27.525799999999993,3.8,2,0.036329552637888826
5d7369a9ff5c0e001952986e,HA,1.0,33.227199999999996,4.0,1,0.03009582510714114
5d7369a9ff5c0e001952986e,HA,0.8,55.2856,3.4,2,0.014470314150520207
5f4e2cd9edde0cb197d6b0b2,HA,1.0,21.2746,5.0,1,0.04700440901356547
5f4e2cd9edde0cb197d6b0b2,HA,1.0,21.377,5.0,2,0.046779248725265475
5f57c77fc54e382d46b65cfa,HA,1.0,17.195,3.8,1,0.05815644082582146
5f57c77fc54e382d46b65cfa,HA,1.0,23.8128,3.2,2,0.041994221595108516
5f48977830f69f364ad3d331,HA,1.0,14.837800000000001,5.0,1,0.06739543598107535
5f48977830f69f364ad3d331,HA,1.0,24.453,5.0,2,0.040894777736883
5efa66c030577f1782e0311a,HA,1.0,26.037599999999998,4.8,1,0.03840599748056657
5efa66c030577f1782e0311a,HA,0.6,29.387,3.8,2,0.020417191275053596
5eb87e96121d857d18e28e28,HA,1.0,74.97,4.6,1,0.013338668800853675
5eb87e96121d857d18e28e28,HA,1.0,60.937,4.4,2,0.016410391059618952
5db0e56e95628c0011e6df82,HA,1.0,24.083199999999998,4.6,1,0.04152272123305873
5db0e56e95628c0011e6df82,HA,1.0,46.593599999999995,2.6,2,0.021462175062669554
5ecbdb76e72f9577c2ad60d6,HA,1.0,14.681199999999999,4.8,1,0.06811432307985724
5ecbdb76e72f9577c2ad60d6,HA,1.0,17.769200000000005,4.6,2,0.05627715372667311
5ef63e2638b9f0303d5e4e72,HA,1.0,24.4954,4.6,1,0.040823991443291394
5ef63e2638b9f0303d5e4e72,HA,0.8,56.701400000000014,2.0,2,0.014108999072333308
5eadba3c2ee2df08c162dc70,HA,1.0,22.0342,4.8,1,0.045383993973005604
5eadba3c2ee2df08c162dc70,HA,1.0,22.212400000000002,4.6,2,0.0450198987952675
5f1c6da2c4f2700bd5139994,HA,1.0,15.794599999999999,4.8,1,0.06331277778481254
5f1c6da2c4f2700bd5139994,HA,1.0,27.5168,3.6,2,0.036341435050587276
5eff6492814d8101d8ca4bcc,HA,0.4,28.055,2.4,1,0.014257708073427197
5eff6492814d8101d8ca4bcc,HA,0.8,26.2006,1.4,2,0.0305336519011015
5f5174760868af3ce9a5d9f7,HA,0.6,32.1072,4.0,1,0.018687397219315293
5f5174760868af3ce9a5d9f7,HA,0.6,29.015800000000002,3.8,2,0.020678389015639752
59b73df56039190001eaa9e7,HA,1.0,17.668799999999997,4.6,1,0.056596939237526046
59b73df56039190001eaa9e7,HA,0.8,33.7144,4.0,2,0.02372873312293857
5f4fdc5c17b4c210b9f57f4e5f4fdc5c17b4c210b9f57f4e,HA,1.0,23.698,3.6,1,0.04219765381044814
5f4fdc5c17b4c210b9f57f4e5f4fdc5c17b4c210b9f57f4e,HA,0.8,33.5894,2.2,2,0.023817037517788353
5f233ef24281050e715ca769,HA,1.0,37.403800000000004,4.4,1,0.026735251498510845
5f233ef24281050e715ca769,HA,0.8,28.038999999999998,4.2,2,0.028531688005991658
5f084541958a6502a4f7233d,HA,1.0,14.8636,5.0,1,0.06727845205737507
5f084541958a6502a4f7233d,HA,0.8,23.5706,5.0,2,0.03394058700245221
5bc4784e85214800017d8c1a,HA,1.0,26.267600000000005,4.8,1,0.038069713258919724
5bc4784e85214800017d8c1a,HA,0.8,41.295,3.6,2,0.01937280542438552
5be09f04292b640001699b20,HA,1.0,38.531,4.4,1,0.025953128649658718
5be09f04292b640001699b20,HA,1.0,19.542,3.8,2,0.051171835022003884
5f25c45891051f000bee3ea7,HA,1.0,20.980399999999996,4.4,1,0.04766353358372577
5f25c45891051f000bee3ea7,HA,1.0,25.2754,3.8,2,0.03956416120021839
5df22e4c361a85123b9467d0,HA,1.0,20.9578,4.8,1,0.047714931910792166
5df22e4c361a85123b9467d0,HA,0.8,26.177999999999997,4.4,2,0.030560012224004895
5f2b0f0be865284c2b3fa91d,HA,1.0,24.1748,4.6,1,0.04136538875192349
5f2b0f0be865284c2b3fa91d,HA,0.6,23.785200000000007,3.8,2,0.025225770647293266
5ebc4cf20a5e67079c78776d,HA,1.0,19.2218,3.8,1,0.05202426411678406
5ebc4cf20a5e67079c78776d,HA,0.8,16.391199999999998,3.6,2,0.04880667675337987
5e36fcbec0a4dc6800b82e28,HA,1.0,86.62100000000001,4.2,1,0.01154454462543725
5e36fcbec0a4dc6800b82e28,HA,1.0,102.96419999999998,3.6,2,0.00971211353072233
5f4d0e546aa639969e6d8701,HA,1.0,17.379200000000004,5.0,1,0.057540047873319816
5f4d0e546aa639969e6d8701,HA,1.0,19.772600000000004,5.0,2,0.05057503818415382
5edd5ca2fa8f13101b0b0e27,HA,1.0,19.769600000000004,5.0,1,0.05058271285205567
5edd5ca2fa8f13101b0b0e27,HA,1.0,34.702200000000005,4.8,2,0.028816616813919574
5f0354704532c82550263e33,HA,1.0,17.1586,5.0,1,0.05827981303835977
5f0354704532c82550263e33,HA,1.0,28.2414,5.0,2,0.03540900946836913
5f3f0641de4e871ea98cf4ee,HA,1.0,12.8122,4.6,1,0.07805060801423643
5f3f0641de4e871ea98cf4ee,HA,1.0,22.880599999999998,4.4,2,0.04370514759228342
